{
	"class_name" : "PinholeCameraParameters",
	"extrinsic" : 
	[
		0.93898333698990766,
		0.31347699802956996,
		0.14157141152671515,
		0.0,
		-0.13757794593023523,
		-0.03494516101762879,
		0.98987430743254945,
		0.0,
		0.31525006209184919,
		-0.94895258439387864,
		0.010314597581301908,
		0.0,
		-1.3804509794843474,
		4.0968522975088115,
		10.211878250612605,
		1.0
	],
	"intrinsic" : 
	{
		"height" : 720,
		"intrinsic_matrix" : 
		[
			623.53829072479584,
			0.0,
			0.0,
			0.0,
			623.53829072479584,
			0.0,
			639.5,
			359.5,
			1.0
		],
		"width" : 1280
	},
	"version_major" : 1,
	"version_minor" : 0
}